"","x"
"1","A aduce apă după ce s-a stins focul. (Despre ajutor venit prea târziu)"
"2","A aduce la sapă de lemn. (a sărăci pe cineva)"
"3","A aduce tot pui (sau ouă) de pupăză. ""(a-i merge totul rău)"""
"4","A aduna nuiele pentru spinarea sa. (A-și face singur rău)"
"5","A ajunge cuțitul la os. (Orice răbdare are un sfârșit)"
"6","A alerga după ciolan. (după ce e mai bun)"
"7","A arăta pumnul sub batistă. (Amenințare îmbrăcată în cuvinte frumoase)"
"8","A arde gazul degeaba. (lucru făcut fără rost)"
"9","A arde pe cineva. (A bate, a pedepsi)"
"10","A arunca găina moartă în curtea vecinului. (Dovadă de lașitate, fugă de răspundere)"
"11","A auzit clopotul, dar nu știe de la ce bisericǎ."
"12","A avea ac de cojocul cuiva. (Amenințare spusă cuiva care se încăpățâneză)"
"13","A avea de-a face cu cineva. (Amenințare)"
"14","A avea mai mult noroc decât minte. (despre avantaje obținute întâmplător)"
"15","A avea un of la inimă."
"16","A bate apa-n piuă. (despre activitate fără rost)"
"17","A bate calul care trage. (A fi nedrept)"
"18","A bate capul. (A sâcâi pe cineva cu vorba)"
"19","A bate din pupăză. (a vorbi mult; a flecări, a trăncăni)"
"20","A bate fierul cât e cald. (despre intervenția în timp util)"
"21","A bate găina cu lanțul."
"22","A bate la ochi. (Un lucru îndoielnic)"
"23","A bate toba în tot satul. (A duce o vorbă de la unul la altul)"
"24","A băga mâna în foc pentru cineva. (despre argumente în favoarea cuiva)"
"25","A băga pe cineva la sapă. (a îl lăsa fără bani)"
"26","A călca pe bec. (A fi găsit vinovat)"
"27","A călca pe cineva pe bătătură."
"28","A căuta pete-n soare. (despre intenția fermă de a învinovăți pe cineva)"
"29","A cânta cuiva în strună. (A întări convingerea cuiva, fără opinie proprie)"
"30","A căra apă cu ciurul. (A face un lucru inutil)"
"31","A da bir cu fugiții.(A pleca în mod rușinos)"
"32","A da ortul popii. (A muri)"
"33","A da peste noroc."
"34","A da portocale la porci. (a risipi fără rost)"
"35","A da una ""în numele Tatălui"". (A lovi cu putere)"
"36","A da-o în bară (a intra într-o încurcătură, a o face de oaie)"
"37","A despica firul în patru. (A analiza, exagerând, un lucru)"
"38","A duce cu preșul. (A păcăli)"
"39","A dispărut de parcă l-a-nghițit pământul. (despre pierdere a contactului cu cineva)"
"40","A face bortă în apă. (despre lucruri neadecvate, sau imposibile)"
"41","A face cinste. (A da de băut)"
"42","A face cruce în tavan. (De bucurie)"
"43","A face cuiva hatârul. (A împlini dorința)"
"44","A face cuiva ochi dulci. (A linguși)"
"45","A face cum îl taie capul. (despre soluții/rezolvări găsite fără plan)"
"46","A face din cal măgar și din țânțar armăsar. (A exagera)"
"47","A face ochi dulci cuiva. (a face avansuri)"
"48","A face pe cineva cu ou și cu oțet. (A face cuiva morală foarte aspră)"
"49","A face pe cineva de două parale.(A face cuiva morală foarte aspră)"
"50","A face treaba în doi peri. (A lucra de mântuială)"
"51","A face umbră pământului degeaba. (Un om fără rost)"
"52","A face un bine înseamnă a-și bate cuie în talpă. (despre ajutor cu urmări nedorite pentru autor)"
"53","A fi cu ochii în patru. (A fi foarte atent la ceva primejdios)"
"54","A fi doar un pic însărcinată, nu se poate. (despre lucruri/fapte care nu pot fi făcute doar pe  jumătate)"
"55","A fi pe drojdie (cu banii). A fi la limită (cu banii)"
"56","A fi învățat până la genunchiul broaștei. (lipsă de școală, de învățătură)"
"57","A fi piele și os. (A fi foarte slab d.p.d.v. fizic)"
"58","A fi prins cu cioara vopsită. (Încercare nereușită de a înșela pe cineva)"
"59","A fi răcit cobză. (a fi răcit tare)"
"60","A fi tras pe sfoară. (a fi păcălit)"
"61","A i se face urechile ca la măgar. (a asculta cu atenție un secret, a trage cu urechea)"
"62","A i se urâ cu binele. (Cineva care caută gâlceavă)"
"63","A i se urca băutura la cap. (beție)"
"64","A i-o țipa în pupăză. ""(a nu ști să păstreze un secret)"""
"65","A împăca capra cu varza. (Două lucruri incompatibile)"
"66","A înghițit gălușca și a tăcut chitic. (despre imputări justificate și acceptate)"
"67","A îngrășa porcu în ajun de Crăciun. (A se pregăti pentru ceva în ultimul moment)"
"68","A lăsa pe cineva baltă."
"69","A lăsa pe cineva cu vorba-n gură. (Semn de dispreț)"
"70","A lăsa pe cineva în pom. (A lăsa pe cineva baltă + încurcat)"
"71","A lăsa baltă un lucru. (A părăsi (o lucrare etc.), a lăsa ceva neterminat)"
"72","A lua partea leului. (a face împărțire nedreaptă, avantajoasă pentru sine)"
"73","A lua plasă (A fi păcălit)"
"74","A luat-o la măsea. (S-a îmbătat)"
"75","A lucra din plin. (Repede și cu spor)"
"76","A mânca coliva cuiva. (Amenințare)"
"77","A nimerit-o ca nuca-n perete. (despre gafe, lucruri nepotrivit făcute)"
"78","A nu face față. (Ceva care depășește capacitatea cuiva)"
"79","A nu-și cunoaște lungul nasului. (lipsă de rușine)"
"80","A nu vedea pădurea din cauza copacilor. (despre neconsiderare a unui lucru important, din cauze minore)"
"81","A o face de oaie. (a intra într-o încurcătură, a da-o în bară, a încurca borcanele)"
"82","A păli pe cineva. (A lovi)"
"83","A peria pe cineva. (A linguși)"
"84","A pica din senin. (Pe neașteptate, surprinzător)"
"85","A pierde vremea de pomană. (A irosi timpul în zadar)"
"86","A pleca câine surd la vânătoare. (Nepregătit pentru o acțiune)"
"87","A pleca la vânătoare fără pușcă. (despre pregătire nefăcută sau insuficientă)"
"88","A plecat cu grabă și s-a-ntâlnit cu zăbavă. (despre acțiuni, fără rost întârziate)"
"89","A prinde cu mâța-n sac. (A dezvălui o minciună, un furt)"
"90","A prinde inimă. (a prinde curaj)"
"91","A pune bețe-n roate. (A pune piedici cuiva)"
"92","A pune carul înaintea boilor. (A face treaba pe dos)"
"93","A pune cu botul pe labe. (a crea o situație dificilă cuiva)"
"94","A pune paie pe foc. (A înteți o ceartă)"
"95","A pune țara la cale. (O discuție lungă și fără rost)"
"96","A purta de la Ana la Caiafa. (A duce cu vorba)"
"97","A rânji fasolea. (peiorativ - Cineva care râde necuviincios)"
"98","A se căca pe el. (Îi e frică)"
"99","A se culca odată cu găinile. (Devreme)"
"100","A se da de ceasul morții. (A fi obsedat la maximum de un gând)"
"101","A se da de ceasul morții. (A se strădui în zadar)"
"102","A se da de gol. (A-și dezvălui o intenție ascunsă)"
"103","A se da peste cap pentru a face un lucru. (depre ambiția unei intenții)"
"104","A se dezbrăca de caracter. (A-și pierde cumpătul și trece la vorbe/fapte urâte)"
"105","A se duce ca surda la horă. (a merge undeva neadecvat sau nepregătit)"
"106","A se face că plouă. (se face că a uitat ce s-a întâmplat)"
"107","A se face frate cu dracu' până trece puntea. (necesitatea unor compromise neplăcute)"
"108","A se face luntre și punte. (A face tot posibilul)"
"109","A se juca cu focul. (A întreprinde ceva periculos)"
"110","A se juca (cu cineva) ca pisica cu șoarecele. (joc discreționar al părții conflictuale mai puternice)"
"111","A se lăsa pe tânjeală. (A se lenevi)"
"112","A se șterge pe bot. (a fi nevoit să renunțe la ceva)"
"113","A se uita ca curca în fântână."
"114","A se uita ca curca-n crăci."
"115","A se uita ca la soare. (a venera pe cineva)"
"116","A se uita ca mâța-n calendar. (despre lipsa de idei potrivite)"
"117","A se uita ca pisica în calendar. (idem)"
"118","A se umfla în pene. (A fi îngâmfat, arogant)"
"119","A sări în ochi. (Un lucru cert)"
"120","A sări peste cal. (a exagera)"
"121","A schimba apa, aerul și fraierul."
"122","A scoate ceva din pământ, din piatră seacă. (A face rost de un lucru ca printr-o minune)"
"123","A scoate-o din pământ, din iarbă verde. (A minți, a argumenta neașteptat)"
"124","A sta călare pe noroc. (despre șanse survenite)"
"125","A sta cu banii la saltea. (Cineva care e zgârcit)"
"126","A sta cu burta la soare. (a se relaxa exagerat)"
"127","A sta cu burta pe carte. (a învăța, studia insistent)"
"128","A sta cu gura pe ei."
"129","A sta cu un ochi la slănină și cu altul la făină. (despre indecizie în fața unor opțiuni)"
"130","A strica orzul pe gâște. (A da cuiva (ceva), care nu prețuiește ce i se dă)"
"131","A strica prietenia cu cineva. (despre schimbare (negativă) de atitudine)"
"132","A trage cu ochiul. (a privi  pe furiș)"
"133","A trage la măsea. (a fi bețiv)"
"134","A trage sforile. (a unelti)"
"135","A trage la șaibă. (Muncă grea și monotonă de zi cu zi)"
"136","A trăncăni vrute și nevrute. (a pălăvrăgi)"
"137","A trecut baba cu colacii. (A ezita să întreprindă oportun ceva favorabil)"
"138","A trecut ca gândul și ca vântul. (repede)"
"139","A uita de la mână până la gură. (despre uituci)"
"140","A umbla cu capul in nori. (Visător, fără socoteală)"
"141","A umbla cu cioara vopsită. (A minți, a încerca să înșele)"
"142","A umbla hai-hui. (mers fără rost)"
"143","A urca nucile-n pod cu furca. (mijloc sau metodă de acționare nepotrivită)"
"144","A vedea negru înaintea ochilor. (De mânie, de supărare)"
"145","A vedea roșu înaintea ochilor. (Mânie)"
"146","A vedea stele verzi. (durere, în urma unei lovituri)"
"147","A veni pe nepusă masă. (Pe neașteptate)"
"148","A vorbi cu tâlc. (Cu subînțeles)"
"149","A vorbi în doi peri. (A vorbi aiurea)"
"150","A vorbi între patru ochi. (Ceva secret)"
"151","A zburat puiu cu ața. (A pierde ocazia)"
"152","A-i cântă (cuiva) pupăza. ""(a-i merge rău; a nu avea noroc)"""
"153","A-i fi frică și de umbra sa. (teamă exagerată în ceea ce se întreprinde)"
"154","A-i merge / umbla / toca cuiva gura ca o pupăză. ""(a vorbi repede și fără întreruperi; a flecări; a fi limbut)"""
"155","A-l prinde pe Dumnezeu de picior.  (la bucurie mare)"
"156","A-l spurca (pe cineva) pupăza. ""(a auzi, pe nemâncate, pupăza cântând pentru prima oară într-un an; glumeț) a vedea o femeie goală)"""
"157","A-nțărcat bălaia. (Când nu se mai vrea să fie ajutat cineva care nu merită)"
"158","A-și bate singur cuie-n bocanci. (a-și provoca greutăți)"
"159","A-și băga mințile-n cap. (A-și îndreapta purtarea)"
"160","A-și bate singur cuie-n talpă. (A-și crea necazuri)"
"161","A-și da arama pe față. (A-și dezvălui intenții rele)"
"162","A-și da cu părerea."
"163","A-și da în petic. (A-și da pe față, fără voie, anumite cusururi)"
"164","A-și da în petic. (A spune/face un lucru nepotrivit)"
"165","A-și delecta sufletul."
"166","A-și face singur bube-n cap."
"167","A-și ieși din fire. (A se supăra, a-și pierde cumpătul)"
"168","A-și îneca amarul."
"169","A-și înghiți cuvintele. (A fi surprins)"
"170","A-și pune pofta în cui. (a-și lua gândul de la ceva)"
"171","A-și răci gura degeaba. (a argumenta fără efect)"
"172","Aceași Mărie cu altă pălărie. (La même Janette autrement coifé)"
"173","Adevărul este întotdeauna la mijloc. (despre precauție în acceptarea argumentărilor părților)"
"174","Adevărul iese la suprafață ca untdelemnul deasupra apei. (adevărul învinge întotdeauna)"
"175","Adevărul se spune la despărțire."
"176","Adevărul stă scris printre rânduri. (despre semnificații ascunse în spatele cuvintelor)"
"177","Ai ales, pân-ai cules. (O alegere târzie și proastă între opțiuni)"
"178","Ai carte, ai parte.  (despre necesitatea și avantajele educării)"
"179","Ai, dai, n-ai. Ia nu da, să vezi cum ai. (despre dăruiri nejustificate)"
"180","Ai dat-o cotită. (Ai făcut o gafă, ai spus o prostie)"
"181","Ai pus degetul unde mă doare. (În discuție s-a atins un lucru esențial)"
"182","Ajunge o măciucă la un car cu oale. (despre tendința de a pedepsi, critica exagerat)"
"183","Apa trece, pietrele rămân. (Necazurile trec și totul rămâne ca-nainte)"
"184","Arde casa și el cu luleaua ""Dă-mi un foc"". (Cineva care vine cu pretenții minore într-o împrejurare mult mai importantă)"
"185","Arde satul și  baba se piaptănă."
"186","Are balta pește. (Cineva care este îndestulat)"
"187","Are limba despicată. (E șiret ca un șarpe)"
"188","Are limba înveninată. (care vorbește  de rău)"
"189","Are minte de găină. (E fraier, ușor de păcălit)"
"190","Are o potcoavă și-i mai trebuie trei și calul. (despre disproporție între ceea ce s-a și ceea ce mai este de făcut )"
"191","Are o zi lucrătoare și una sărbătoare. (care mai mult se odihnește)"
"192","Are spor la treabă. (Cineva harnic, lucrează repede)"
"193","Are suflet de câine."
"194","Ascultă și nu te mânia, ca să te poți îndrepta. (despre calm în corectarea greșelilor)"
"195","Așa e când e să se ducă de râpă. (Un lucru sortit să nu reușească)"
"196","Așchia nu sare departe de trunchi. (despre calități sau defecte aparent sau vizibil moștenite)"
"197","Avocatul cap de are, iar la cal niște picioare."
"198","Bacșișul este inclus dar nu este exclus."
"199","Ba e albă, ba e neagră. (Cineva care încearcă să mintă)"
"200","Bagi pe dracu’n casă cu dracu și nu-l poți scoate cu suta de arhierei."
"201","Banii fac bani și păduchii tot păduchi."
"202","Banul e ochiul dracului."
"203","Banul e o mică roată ce-nvârtește lumea toată."
"204","Banul face din om neom."
"205","Banul la ban trage."
"206","Bănuțul face leuțul."
"207","Bărbierul învață meseria pe capul proștilor."
"208","Barca cât este de veche tot mai trece-odată iazul/ Baba cât e de bătrână tot ar mai sări pârleazul (Păstorel Teodoreanu)"
"209","Bătaia e ruptă din rai. (Se spune despre educația copiilor)"
"210","Bătaia la copii e ca buruiana de leac / e ruptă din rai.  (Demodat)"
"211","Bătrânețe haine grele, cum să fac să scap de ele."
"212","Bătrânețile nu vin singure, ci cu multe nevoi."
"213","Beleaua stă pe capul omului ca păduchii pe câine."
"214","Binefacerile făcute altora nu trebuie reamintite."
"215","Bine faci, bine găsești."
"216","Binele ce-l faci cuiva, ți-l întoarce vremea care vine."
"217","Boala intră cu carul și iese pe urechea acului."
"218","Boală lungă - moarte sigură! (Un lucru cu care te chinuiești îndelung e sortit să nu reușească)"
"219","Bogatul nu crede săracului și sătulul nu crede flămândului."
"220","Brânză bună în burduf de câine. (Un om inteligent, dar  care nu-și face cinste)"
"221","Buba cap nu face până nu se coace. (despre răul care se vede doar la efect)"
"222","Bucuria trece repede, dar durerea nu se uită."
"223","Bucuria zboară, durerea înconjoară."
"224","Bună ziua ți-am dat, belea mi-am căpătat."
"225","Burta plină nu învață bine."
"226","Buturuga mică răstoarnă carul mare."
"227","Capra bese și oaia trage rușinea."
"228","Capra e plină de râie dar umblă cu coada in sus."
"229","Capra sare masa, iada sare casa. (Cineva care imitând, exagerează)"
"230","Capul face, curul trage. (Suferi dacă nu judeci când faci un lucru)"
"231","Capul plecat, sabia nu-l taie (dar cu umilință lanțul încovoaie)."
"232","Capul tău a mai fost la un cur de babă. (N-ai minte)"
"233","Cască ochii la tocmeală, iar nu după ce te-nșeală. (despre prevedere)"
"234","Caută bătaia cu lumânarea. (Se spune la copii, unul ce deranjează)"
"235","Căile Domnului sunt necunoscute. (Soarta, bat-o vina)"
"236","Căpățână cinci oca. (Se spune cuiva încăpățânat)"
"237","Câinele care latră nu mușcă. (despre răutate mult trâmbițată)"
"238","Câinele fuge de zburătură nu de îmbucătură."
"239","Câinele moare de drum lung și prostul de grija altuia."
"240","Câinii latră, caravana trece."
"241","Câinii latră, lupul se cacă. (despre ignorare)"
"242","Călătorului îi stă bine cu drumul. (Să nu zăbovești când întreprinzi ceva)"
"243","Calicia pierde omenia."
"244","Calul de dar nu se caută la dinți. (Ce e dăruit, fie bine primit)"
"245","Calul moare de drum lung și prostul de grija altuia."
"246","Când ai intrat în rahat până la nas, ține-ți gura închisă."
"247","Când ești sătul lasă câteva firimituri și la vrăbii."
"248","Când îi dai îi fată vaca, când îi ceri îi moare boul."
"249","Când mi-oi vedea ceafa. (Niciodată)"
"250","Când mori nu iei nimic cu tine."
"251","Când ne-o fi mai rău să ne fie ca acum. (Se spune la petrecere)"
"252","Când nevasta tace, să n-o-ntrerupi."
"253","Când omul cade, îi piere și umbra."
"254","Când pisica nu-i acasă, joacă șoarecii pe masă."
"255","Când se duce parcă vine și când merge parcă stă (Cineva care nu face nimic)"
"256","Când vorbesc, nu fluier. (Nu vorbesc aiurea)"
"257","Când vorbesc armele, tac legile."
"258","Când vorbești să fie cum ai da cu pensula, nu cum ai da cu parul."
"259","Cântă cucu-n coastă, vai de pălăria noastră"
"260","Cârnatul când se-ndeasă începe a crăpa."
"261","Câte bordeiuri atâtea obiceiuri. (fiecare familie are rețeta ei)"
"262","Ce are sula cu prefectura? (Asociație nepotrivită de idei)"
"263","Ce are-n gușă - și-n căpușă. (Cineva care vorbește vrute și nevrute)"
"264","Ce crezi tu că poți face, alții au făcut deja."
"265","Ce dai, aia primești. (Fă bine și-l primești înapoi.)"
"266","Ce e dăruit, fie bine primit."
"267","Ce e scris, e sfânt. (Lat: Verba volant, scripta manet)"
"268","Ce e-n gușă, și-n căpușă. (Cineva care vorbește vrute și nevrute)"
"269","Ce faci cu mâna ta e bun făcut."
"270","Ce omul face, nici dracul nu desface. (Când omul încurcă lucurile)"
"271","Ce înveți la tinerețe, aia știi la bătrânețe. (Calul nu poate să-nvețe, meargă-n trap la bătrânețe)"
"272","Ce mai la deal-la vale. (Pe scurt vorbind)"
"273","Ce mai tura-vura. (Pe scurt vorbind)"
"274","Ce naște din pisică, șoareci mănâncă."
"275","Ce omul face, nici dracul nu desface."
"276","Ce poți face azi nu lăsa pe mâine."
"277","Ce știe tot satul, nu știe bărbatul. (Bărbatul e ultimul care află că nevasta îl înșeală)"
"278","Ce ție ți se pare neînchipuit de greu, alții deja au făcut."
"279","Ce ți-e scris, în frunte ți-e pus. (Fiecare om are o soartă, un destin)"
"280","Ce ție nu-ți place, altuia nu-i face."
"281","Ce vine de la Domnu' e bun venit."
"282","Ce-ai luat pe mere ai dat pe pere."
"283","Ce-am avut și ce-am pierdut..., caprele tot șapte sunt."
"284","Ce-i al tău e pus deoparte."
"285","Ce-i dat de la D-zeu e bun venit! (Te împaci cu gândul că ai primit/moștenit ceva netrebuitor)"
"286","Ce-i frumos și lui Dumnezeu îi place."
"287","Ce-i mai bun la om e câinele. (Câinele fiind simbol de răutate)"
"288","Ce-i prea mult strică. (modern: Ce-i prea mult se cheamă stres)"
"289","Ce-ți dorești tu ție, să-mi dea Dumnezeu mie."
"290","Ceapa are multe foi și tot degeră la frig. (Călcâiul lui Ahile)"
"291","Cei mai mulți din neștiință greșesc la cele de cuviință. (despre cei fără bună creștere)"
"292","Cel ce păgubește la minte folosește."
"293","Cel ce se înneacă se agață și de un pai."
"294","Cel ce se teme să piardă nu poate să câștige. (Cine nu riscă, nu câștigă)"
"295","Cele bune să se adune, cele rele să se spele."
"296","Celui cu economie, suta îi este o mie."
"297","Cerul e mai negru ca dracul."
"298","Ceva care se duce de râpă. (se distruge)"
"299","Ceva care se petrece din an în paște. (foarte rar)"
"300","Ceva care ""vine peste mână"". (Un lucru neconvenabil)"
"301","Ceva de care s-a ales praful."
"302","Ceva care nu se cade. (O vorbå sau o faptă ne la locul ei)"
"303","Ceva care merge ceas. (Un mecanism sau o afacere care functioneazå perfect)"
"304","Chelului îi trebuie tichie de mårgåritar. (Își doreste ce nu-i då mâna)"
"305","Cilivizația e diferența dintre ogor și maidan."
"306","Cine aleargă după doi iepuri, nu prinde niciunul."
"307","Cine are barbă, are și pieptene. [Grigore George Tocilescu - Materialuri folcloristice (1900)]"
"308","Cine are nevastă bună ajunge fericit, ...cine are nevastă rea ajunge filozof."
"309","Cine are noroc la joc, n-are noroc în dragoste."
"310","Cine are urechi de auzit, să audă!"
"311","Cine cere, nu piere, dar nici nume bun nu are."
"312","Cine câștigă la joc, în dragoste n-are noroc."
"313","Cine e harnic și muncește are tot ce vrea, ...cine-i leneș și chiulește are tot așa."
"314","Cine face bine, bine găsește; / Cine face rău, rău-l însoțește."
"315","Cine fură azi un ou, mâine va fura un bou."
"316","Cine fură o pâine ajunge-n pușcărie, cine fură un milion ajunge ministru."
"317","Cine-mparte, parte-și face."
"318","Cine muncește, n-are timp să facă bani."
"319","Cine naiba a mai văzut, ...brânză friptă la grătar, domnișoară pe măgar."
"320","Cine ne viziteză ne face onoare, cine nu, plăcere."
"321","Cine nu crede în el însuși, nu crede în nimic."
"322","Cine nu muncește, nu mănâncă."
"323","Cine nu voiește când poate, nu va mai putea când va voi."
"324","Cine poate oase roade, cine nu, ...nici carne moale."
"325","Cine râde la urmă râde mai bine."
"326","Cine s-a fript cu ciorba, suflă și-n iaurt."
"327","Cine sapă groapa altuia, cade singur în ea."
"328","Cine seamănă vânt culege furtună."
"329","Cine se amestecă în tărâțe, porcii îl mănâncă. [Grigore George Tocilescu - Materialuri folcloristice (1900)]"
"330","Cine se aseamănă, se adună."
"331","Cine se scoală de dimineață, departe ajunge."
"332","Cine se scuză se acuză."
"333","Cine te vede intrând în cârciumă, nu zice că ai intrat să te închini."
"334","Cine umblă cu miere se mânjește și pe buze."
"335","Cine umblă pe drum cu gândul acasă, își pierde căciula în târg."
"336","Cineva care a dat în mintea copiilor. (Este naiv)"
"337","Cineva care are capul baniță de carte."
"338","Cineva care are gura spucată. (Prevede ceva neplăcut)"
"339","Cineva care are fitilul scurt. (Certăreț)"
"340","Cineva care este ciuca bătăilor. (Mănâncă bătaie tot timpul)"
"341","Cineva care este coadă de topor. (Stă în slujba cuiva care asuprește lumea)"
"342","Cineva care este turnător. (Spioneazå și dezvăluie)"
"343","Cineva care e ""mort"" după altcineva. (Iubește nespus)"
"344","Cineva care e ""mort"" după ceva. (Dorește un lucru foarte mult)."
"345","Cineva care este ""beat-curcă"". (La curcani se turna rom pe gât înainte de a-i tăia)"
"346","Cineva care este cu capsa pusă. (Certăreț)"
"347","Cineva care este cu un ochi la slănină și cu altul la făină. (hrăpăreț)"
"348","Cineva care este ""lasă-mă să te las"" (Desinteresat, moale la treabă)"
"349","Cineva care nu-și vede lungul nasului. (Îngâmfat și cam obraznic)"
"350","Cineva care o duce bine/ îi merge din plin/ are stare bună."
"351","Cineva care s-a ajuns. (S-a îmbogățit)"
"352","Cineva care se mișcă ""ca ochii mortului"". (E încet la treabă)"
"353","Cineva care ""și-a băut mințile"". (Din cauza băuturii face lucruri nechibzuite)"
"354","Cioară mândră și flămândă."
"355","Colac peste pupăză. (Ceva care vine să înrăutățească o situație deja precară)"
"356","Copacii mor în picioare. (cei puternici nu cad ușor)"
"357","Copacul cu rădăcini adânci, nu se teme de furtună."
"358","Copilul cu douǎ moașe, rǎmâne cu buricul netǎiat."
"359","Corb la corb nu scoate ochii."
"360","Cu capul în biserică și cu gândul la dracu'."
"361","Cu cât înveți mai mult, cu atât știi mai puțin. (despre nesfârșita știință)"
"362","Cu cât țipi mai tare cu atât te doare mai rău."
"363","Cu chei de aur se deschid porțile raiului."
"364","Cui pe cui se scoate. (orice problemă oferă propriile soluții)"
"365","Cuiva îi lipsește o doagă. (Nu e întreg la minte)"
"366","Cultura e ceea ce rămâne când ai uitat tot ce ai învățat. (ce nu ține de cultură, se uită)"
"367","Cunoașterea de sine este un prim pas spre însănătoșire."
"368","Cum a venit, așa s-a dus. (Ce se câștigă ușor, se pierde repede)"
"369","Cum e fața liniștită a izvorului curat, așa-i viața celui ce-i cu Cerul împăcat."
"370","Cum e tocul - și pistolul."
"371","Cum e turcul așa e și pistolul. [Grigore George Tocilescu - Materialuri folcloristice (1900)]"
"372","Cu mintea zurlie și cu privirea șașie. (Cineva pe care nu se poate conta)"
"373","Cum îți așterni, așa dormi."
"374","Cum îți așterni, cum vine altul și se culcă în locul tău."
"375","Cum pui așa aduni, și cum semeni, așa culegi."
"376","Cum se duce parcă vine, și cum merge parcă stă. (Ceva care nu functioneză)"
"377","Cum te scoli de dimineață, așa îți merge toată ziua."
"378","Cu muncă și cu răbdare, poți face cât unul mare."
"379","Cu o floare nu se face primăvară."
"380","Cu răbdarea treci și marea."
"381","Curaj găină că te tai. (Îndemn de a face un lucru neplăcut)"
"382","Curățenia este mama sănătății."
"383","Curcă de beat. (La curcan i se băga rom pe gât înainte de a-l tăia)"
"384","Cu sare și cu smântână și opinca tatii e bună."
"385","Dacă alergi să câștigi bani îi dai înapoi la doctor."
"386","Dacă baba avea ventil, se chema automobil. (O supoziție improbabilă)"
"387","Dacă dai cu ciomagul, vezi că are două capete. Unul s-ar putea să se intoarcă pe spinarea ta."
"388","Dacă dă Dumnezeu dinți, tot el dă și pâinea."
"389","Dacă îți dau una, zici că n-ai avut noroc. (Amenințare)"
"390","Dacă  la socoteală plusul nedumerește, atunci este minus."
"391","Dacă mergem împreună vreau să-ți simt cotul."
"392","Dacă minți odată trebuie să minți de mai multe ori."
"393","Dacă nu se duce Mohamed la munte, vine muntele la Mahomed. (Treabă făcută pe dos)"
"394","Dacă nu știi ce-i apa, nu te urca-n luntre! (domeniu de incompetență)"
"395","Dacă și cu Parcă se plimbau în barcă. Și dacă Dacă nu era, Parcă parcă se-neca."
"396","Dacǎ tǎceai, filozof rǎmâneai."
"397","Dacă te bagi între lupi, urlă ca lupul. (Nu te împotrivi curentului)"
"398","Dacă te iei după capul altuia te duci de râpă."
"399","Dacă te lași în coadă la tors, Joimărița îți agață fuiorul în prăjină. (Se spune la fete)"
"400","Dacă totul a ieșit bine, înseamnă că ai greșit undeva."
"401","Dacă umblă porcul cu paiu-n gură, se schimbă vremea."
"402","Dacă vrea să-și înece câinele, țăranul spune că e turbat."
"403","Dacă vrei să scapi de un prieten, imprumută-i bani."
"404","Dacă vrei să te îneci, fă-o într-o apă adâncă."
"405","Dar din dar se face rai."
"406","Darul cel târziu nu are putere de dar."
"407","Darul la timp dăruit prețuiește îndoit."
"408","Darul nu după mărime, ci după dragoste se prețuiește."
"409","Dă ce te lasă inima."
"410","Dă cuiva un deget și-ți ia toată mâna."
"411","Dă Doamne sănătate, că belele curg."
"412","Dă-i Doamne Românului mintea de pe urmă. (După multe încercări nereușite, o idee bună)"
"413","De bani se plâng toți, dar de minte niciunul."
"414","De când era lupul cățel și măgarul vițel."
"415","De unde nu este nici D-zeu nu prea cere."
"416","Decât codaș la oraș, mai bine în satul tău fruntaș."
"417","Decât cu un prost la câștig, mai bine cu un deștept la pagubă."
"418","Decât multă minte știu că e mai bine să ai totdeauna un dram de noroc."
"419","Decât o sută de ani cioară, mai bine un an privighetoare."
"420","Decât să mănânc pâine cu unt și să mă uit în pământ, mai bine mănânc pâine cu sare și mă uit la soare."
"421","Decât să plângă mama, mai bine să plângă mă-sa."
"422","Decât un cal obosit, mai bine un măgar odihnit."
"423","Decât un car de frumusețe, mai bine un dram de minte."
"424","Decât vin oțețit / mai bine oțet cinstit."
"425","De ce îți este frică, de aia nu scapi."
"426","De ce nu-ți pasă nu-i al tău."
"427","De ce te îmbogățești mai tare, d-aia te usuci mai mult."
"428","De ce te-mbeți dacă știi că-ți face rău?!"
"429","De departe ochiu-ți bate, de aproape ochiu-ți scoate. (Lucrurile nu sunt așa cum par la prima vedere)"
"430","De haram a venit, de haram s-a dus. (Un lucru căpătat ușor se pierde repede)"
"431","De treci Dunărea innot, te-mpiedici la mal de-un ciot."
"432","De unde iei trebuie să și pui."
"433","De unde nu este nici Dumnezeu nu cere."
"434","De urâtă nu-i frumoasă, da'i desteaptă, proastă dracu."
"435","Degrabă să asculți, târziu să grăiești. Și la mânie cu totul să zăbovești."
"436","Despre morți, numai de bine."
"437","Deștept de-i crapă capul. (E prost)"
"438","Deșteptul învață din greșelile altora, dar prostul nici măcar din greșelile lui."
"439","Deșteptul promite și prostul crede."
"440","Deșteptul se lovește cu capul de zidul proștilor."
"441","Din greșeli înveți."
"442","Din spate liceu, din față muzeu. (Deziluzie)"
"443","Din vorbă se face fapta și din faptă vorba."
"444","""Doamne ferește!"" pân' te nimerește."
"445","Doi bani dai, doi bani face."
"446","Doi cu sapa, cinci cu mapa. (Birocrație)"
"447","Doi încarcă, doi descarcă,... Merge treaba? ...Merge! (Lucru făcut în zadar și fără cap)"
"448","Domnia și prostia se plătesc."
"449","Domnul a dat, Domnul a luat!"
"450","Două, și cu a brânzii - nouă. (Socoteală încurcată)"
"451","Două vorbe un ban nu fac. (Vorbă în zadar)"
"452","Dracu' are coadă lungă."
"453","Dracul nu e așa de negru cum crede lumea."
"454","Dragă dragă pân' ți-o bagă. (Face curte la început)"
"455","Dragoste cu pacoste. (Din prea mulă iubire se întâmplă lucruri neplăcute)"
"456","Dragostea dea 2-a oară e ca apa chioară."
"457","Dragostea e ca doctoria, dacă e prea multă - te omoară."
"458","Drumul cunoscut e cel mai scurt."
"459","Drumul spre iad e pavat cu intenții bune."
"460","Dumnezeu a făcut trandafirul și dracu i-a pus ghimpii. (Nici un lucru nu-i perfect)"
"461","Dumnezeu îți dă, dar în gură nu-ți bagă."
"462","Dumnezeu nu bate cu parul, bate cu palma. (Cel ce face rău e pedepsit, dar nu fizic)"
"463","Dum spiro spero! (Cât respir, sper - proverb latin)"
"464","După faptă și răsplată."
"465","După furtună vine și vreme bună. (Omul speră la necaz)"
"466","După mine - potopul. (Nu-mi pasă de ceilalți)"
"467","După petrecere vine ""ziua regretelor"". (Când ți-e rău și te doare capul)"
"468","După război mulți viteji se arată."
"469","După tramvai și după femei să nu fugi niciodată."
"470","Du-te cu Domnul și să te întorci sub scut. (Lit. De la război morții erau aduși pe scut)"
"471","Du-te învârtindu-te.(Vrei să scapi de cineva)"
"472","E bun să-l trimiți după moarte."
"473","E ca măgarul între oi."
"474","E cu un ochi la slănină, cu altul la făină. (Cineva hrăpăreț)"
"475","E gură căscată / E zăpăuc / E cu capul în nori."
"476","E ""gură spartă"". (Vorbește vrute și nevrute)"
"477","E lesne a povățui, și anevoie a se povățui."
"478","E mai bine în coliba ta / decât în palatul altuia."
"479","E mai dificil sa corectezi o operă decît s-o scrii. (Spun corectorii)"
"480","E mai ușor a spune decât a face."
"481","E pe bune. (Nu e glumă)"
"482","E rău cu rău, dar mai rău e fără rău. (Prea mult bine te face neom)"
"483","E ruptă din stele. (Fată frumoasă)"
"484","E scump la tărâțe și ieftin la făină. (Face afaceri proaste)"
"485","E spurcat la gură. (Vorbește urât)."
"486","Ești cam într-o ureche. (Zăpăcit)"
"487","Ești cam ""Lasă-mă să te las"". (Leneș, inactiv)"
"488","Ești nehotărâtă ca fata mare la măritat."
"489","Ești o belea pe capul omului."
"490","Ești un drac împielițat. (Ești năzbâtios - Se spune la copii)"
"491","Eu domn, tu domn, cine să ducă sacul?"
"492","Eu la joc, mândra la joc și mălaiul arde-n foc"
"493","E un om dintr-o bucată. (Pe care te poți bizui)"
"494","E un om - să-l pui la rană/ E ca buruiana de leac."
"495","Eu sunt mic, nu știu nimic. Tata-n pod belește oaia. (Când cineva vrea să ascundă adevărul, dar se dă de gol)"
"496","Exemplele rele strică moravurile bune."
"497","Exemplele sunt făcute pentru proști."
"498","Fă bine la altul, să vezi tu cum îți auzi vorbe."
"499","Face planul ca țiganul. (Un plan cam naiv și nereușibil)"
"500","Face un lucru cum îl duce capul."
"501","Fântâna adevărată nu îngheață niciodată."
"502","Fă ce vorbești, sau vorbește după cum faci. (a fi om serios, a nu spune că faci ce nu ...faci)"
"503","Fă-te frate cu dracul până treci lacul."
"504","Fă-ți iarna car, și vara sanie."
"505","Femeia care e rea de muscă. (Își înșeală bărbatul cu oricine)"
"506","Femeia care face pe mironosita. (Alintată și nevinovată)"
"507","Femeia care zboară ca cioara din par în par. (...dacă-i mai ușoară...)"
"508","Femeia este un rău necesar."
"509","Femeia nebătută, e ca moara neferecată."
"510","Femeia te ridică, femeia te coboară/ Femeia îți dă viață, femeia te ""omoară"". (despre rolul crucial al femeilor pentru ceilalți...)"
"511","Femeia ""ușoară"" ...zboară și, ...iar zboară."
"512","Femeia ""ușoară""  zice: ""Iubite, bine faci, dar rău plătești..."" (...bine dai..., dar nu bani!)"
"513","Femeia vede unde bărbatul abia zărește."
"514","Ferește-mă, Doamne, de prieteni, că de dușmani mă feresc singur."
"515","Ferește-te de câine mut, așișderea... de om tăcut."
"516","Fie pâinea cât de rea, tot mai bine-n țara ta. (străinătatea nu-i întotdeauna dorită și reușită)"
"517","Fie pâinea cât de rea, tot ți-o fură cineva."
"518","Fiecare cioară își laudă puiul."
"519","Fiecare cum își așterne, așa doarme."
"520","Fiecare pasăre pe limba ei piere."
"521","Fiecare trage foc spre turta lui."
"522","Foaie verde lobodă, gura lumi-i slobodă."
"523","Foamea te scoate afară din casă."
"524","Frate...,frate, da' brânza-i pe bani."
"525","Frica păzește bostănăria."
"526","Frica păzește pepenii (în bostănărie)."
"527","Fricosul roade osul. //?? <- Mincinosul roade osul"
"528","Fricosul se sperie și de umbra lui."
"529","Frumoasă, parcă e ruptă din rai."
"530","Fuga e rușinoasă, dar e sănătoasă."
"531","Fuge de mănâncă pământul."
"532","Fuge de rupe pământul."
"533","Fuge de-i sfârâie călcâiele."
"534","Fuge ca dracul de tămâie."
"535","Fugi de cel ce pupă-n bot, că îți ia din pungă tot."
"536","Găina bătrână face zeama bună."
"537","Găina vecinului face ouă mai mari."
"538","Gând la gând cu bucurie."
"539","Gândul rău se ascunde greu."
"540","Gânduri multe, fără treabă, / Dovedește minte slabă."
"541","Gheara nescurtată, zgârâie odată."
"542","Ghimpele ușor intrat, mai greu e de-nlăturat."
"543","Ghinioanele se tin lanț."
"544","Ghinionul îl dai afară pe ușă și el intră pe fereastră."
"545","Ghinionul nu vine niciodată singur."
"546","Graba strică treaba."
"547","Greșeala recunoscută este pe jumătate iertată."
"548","Greu la deal cu boii mici."
"549","Greu la deal cu boii mici și la vale cu pisici."
"550","Grija altuia, este boală grea."
"551","Gura bate curul."
"552","Gura copilului adevăr grăiește."
"553","Gura lumii-i slobodă."
"554","Gura lumii n-o astupă nici pământul."
"555","Gura păcătosului adevăr grăiește."
"556","Hai, cu D-zeu înainte! (Îndemn la curaj într-o acțiune riscantă)"
"557","Hai găină la culcare că ți-e gușa plină."
"558","Hai noroc si la mai mare. (Urare de succes - se spune la chef)"
"559","Hopa Mitică - cade-n cap și se ridică."
"560","Hoțul de la hoț învață."
"561","Hoțul jură și iar fură."
"562","Hoțul neprins e negustor cinstit."
"563","Hoțului de hoț îi e frică."
"564","Hoțul zice c-a glumit / Când vede că l-ai zărit."
"565","Hoțul are o vină și păgubașul două.(Păgubașul poate învinui pe cineva nevinovat)"
"566","Iarna n-au mâncat-o lupii."
"567","Inima de vânzător e venin otrăvitor. (...cam dificil sens!)"
"568","Interesul poartă fesul."
"569","Iubește-ți copilul ca și cum ar fi al tau. //proverb marinăresc"
"570","Istoria se scrie în fiecre zi, dar rămâne înscrisă doar după  sute de ani."
"571","Îi dai cuiva „mură în gură”. (Totul de-a gata)"
"572","Îi sare țandăra. (Se supără repede)"
"573","Îi trăznește prin cap ce nici cu gândul nu gândești. (Unul cu idei năstrușnice)"
"574","Îl ia gura pe dinainte. (Dezvăluie un secret)"
"575","Îmbrăcat de bogdaproste. (Peiorativ - Cineva îmbrăcat prost sau cu haine de pomană)."
"576","Înainte de a porunci învață a te supune. (despre înțelepciune, în a da ordine rezonabile)"
"577","Încalecă și fute, descalecă și du-te. (Fă-ți interesul fără să-ți pese de altcineva)"
"578","În coadă la arat, în față la adunat. (despre pretenții exagerate în raport cu propriul aport)"
"579","În țara orbilor, chiorul este împărat. (despre avantajul unor calități deosebite)"
"580","În oala acoperită nu cad gunoaie. (despre inteligența discreției în afaceri, activitate)"
"581","Întrebarea / Trece marea."
"582","Intră bou (la școală) și iese vacă. (Cineva de care ""nu s-a prins cartea"")"
"583","Învață de la alții, dar fă cum știi tu. (Exemplul altora e bun, dar urmat în felul propriu)"
"584","Învață pe alții, ca să fii învățat și tu. (despre reciprocitatea procesului de învățare)"
"585","În viață e bine să fii blând ca un miel, dar când în jurul tău sunt lupi e bine să fii leu. (omul bun e bun, dar când e de rău asta trebuie uitat)"
"586","În viață e bine să te ferești chiar și de greșelile altora. (a fi cu ochii în patru)"
"587","În viață sunt două cuvinte care deschid multe uși: ""trage"" și ""împinge"". (despre neortodoxia alegerii mijloacelor în atingerea scopului)"
"588","Îți dă mâna să faci ceva. (Ai posibilitate,... bani)"
"589","Îți fac buzunar la burtă! (Amenințare cu cuțitul)"
"590","Îți faci singur palton de scânduri. (Faci un lucru care te decavează)"
"591","Îți intră pe o ureche și îți iese pe amândouă. (despre neconsiderarea celor auzite)"
"592","Îți tai craca de sub tine. (despre acțiuni riscante propriei securități)"
"593","Jale mi-e de tine, dar de mine mi se rupe inima."
"594","Jocul greșeala așteaptă."
"595","Judecă întâi pe om și apoi îl spânzură."
"596","Judecătorul e ca osia de car; cum o ungi nu mai scârțîie."
"597","Jupâneasa duce casa și jupânul duce drumul."
"598","La balega subțire puținică apă trebuie."
"599","La balega udă nu-i trebuie multă apă."
"600","La barza chioară îi face Dumnezeu cuib."
"601","La bulboană se adună peștii. (Lumea se adună unde se întâmplă ceva)"
"602","La casa cu patru fete, se coc mâțele de sete."
"603","Lăcomia strica omenia"
"604","Lac să fie, că broaște-s destule."
"605","Lada la mine, cheia la tine."
"606","La disperare omul nu mai judecă."
"607","La Dumnezeu să te rogi, iar pe Dracu' să nu-l superi. (despre diplomația...la subiect )"
"608","La nevasta jucăușă, stă gunoiul după ușă."
"609","La omul sǎrac, nici boii nu trag."
"610","La osul cu multă carne trag ciorile."
"611","La plăcinte înainte, la război înapoi."
"612","La pomul lăudat să nu te duci cu sacul."
"613","La unul mumă, la altul ciumă."
"614","Lasă pe mâine ce poți face azi, că poate mâine nu mai ai nevoie."
"615","Las-o baltă/moartă. (O discuție/acțiune care nu duce nicăieri)"
"616","Las-o jos, că măcăie. '(Se spune cuiva care încearcă să păcălească)"
"617","Las-o (mai) moale. (Se spune cuiva care susține ceva nesigur)"
"618","Lauda de sine nu miroase-a bine."
"619","Laudă-mă gură că d-aia-ți dau friptură."
"620","La unii li s-a dat capul ca să nu-i plouă-n gât."
"621","La unul mumă și la altul ciumă."
"622","Le muți de la Ana la Caiafa. (Muți lucruri dintr-un loc în altul dar nu la-ndemână)"
"623","Lenea-i cucoană mare, care n-are de mâncare."
"624","Leneșul adoarme din picioare."
"625","Leneșul la toate zice că nu poate."
"626","Leneșul mai mult aleargă și scumpul mai mult păgubește. (despre urmările negative ale leneviei și zgârceniei)"
"627","Leneșului îi pute pământul sub el."
"628","Lucrezi de doi bani, dar vrei doi curcani."
"629","Lucru' de doi bani, doi bani face."
"630","Lucru' amestecat, pute a căcat. (Nu te băga într-o situație neclară)"
"631","Lucrul cel mai scump e cinstea, dar ce folos, unii o vând prea ieftin."
"632","Lume-lume, nu e de glume/ Pe afară-i vopsit gardul, înăuntru-i leopardul/ Șapte muzici - trei! (Laudă mincinoasă)"
"633","Lupu-și schimbǎ pǎrul, dar nǎravul ba. (despre obiceiurile rele neschimbabile)"
"634","Mai bine burtos de la bere decât cocoșat de la muncă! (despre măsura corectei  alimentații în viață)"
"635","Mai bine sărac dar curat, decât negustor încurcat. (despre riscul unor negustorii nereușite)"
"636","Mai mare daraua decât ocaua. (despre disproporție în importanța dată unor lucruri, în ansamblu mică)"
"637","Mai treacă-meargă...(Ce ai făcut până acum  dar de acum înainte...)"
"638","Mama proștilor e mereu gravidă. (despre o lume unde nu se duce lipsă de proști)"
"639","Mama-npunge și eu trag, ce mai cămășuță-mi fac!"
"640","Mare ți-e grădina, Doamne (poarta-i deschisă și proștii sar gardul). (te crucești ce mai există pe lumea asta - sens negativ)"
"641","Măsoară de două ori și taie odată. (despre imperativul unei bune măsurări)"
"642","Măsoară-ți cuvintele !"
"643","Mâini reci, inimă fierbinte!"
"644","Mână măgarul! (Peiorativ:""Du-te de aici"")"
"645","Mănânci un sac de sare cu un om și tot nu-l cunoști. (despre părțile ascunse ale caracterului omenesc)"
"646","Mâncarea e fudulie, băutura e temelie. (Se spune la chef, ca vorbă de duh)"
"647","Mâncarea și băutura țin trupul și sufletul la un loc."
"648","Mânia cu nimic altceva se potolește, decât cu îndelungă răbdare."
"649","Mânia de seară să o lași pe dimineață."
"650","Mânia nu este un sfetnic bun pentru om. (despre pierderea lucidității la mânie)"
"651","Mânia pierde omenia. (idem ca mai sus)"
"652","Mâța blândă zgârie rău. (despre aparențe înșelătoare)"
"653","Meseria este brǎțarǎ de aur."
"654","Meseria nu se învață, se fură. (despre ponderea interesului propriu în pregătirea profesională)"
"655","Mielul blând suge la două oi. (despre recompensa unei bune comportări)"
"656","Mincinosul roade osul."
"657","Minciuna are picioare scurte."
"658","Minciuna are picioare scurte, dar  te prinde repede. (despre risc și tentație în caz de minciună)"
"659","Minciunile împăratului sunt adevărurile săracului. (despre aspectul de invers proporționalitate dintre politică și viața reală)"
"660","Mintea ta a mai fost la un fes de babă. (despre judecăți pripite, neadânci)"
"661","Minte de îngheață apele. (despe imensitatea minciunilor cuiva)"
"662","Moartea a fost așa sigură de victorie, încât ne-a dat o viață avans. (la urma urmei, fiecare are o moarte, dar după ce-și trăieșe viața)"
"663","Mort a fost și a-nviat. (Cineva care s-a însănătoșit repede)"
"664","Morții cu morții și vii cu vii. (despre consolarea urmașilor unui decedat)"
"665","Mortul al dracului și banul al popii. (Preot hrăpăreț)"
"666","Multe-am tras și nu m-am ras. Nici acuma nu m-oi tunde. (Nu mă sperii de ghinion)"
"667","Mulți văd, puțini cunosc."
"668","Mulți văd puțini înțeleg."
"669","Munca înnobilează pe om. (Dar de nobili nu-i nevoie)"
"670","Munceste ca câinele la umbră."
"671","Munte cu munte se-ntâlnește, d-apăi om cu om."
"672","Mută mortul la ușa altuia."
"673","Mutul tace dar le face."
"674","N-aduce anul ce aduce ceasul. (despre repeziciunea cu care pot interveni schimbările de situație)"
"675","N-am cuvinte să mă exprim. (Superlativ pozitiv sau negativ)"
"676","Na parale, dă-mi pastramă! (Variantă)"
"677","Na paraua, dă-mi sarmaua! (Târg pripit, nechibzuit)"
"678","Năravul din fire, n-are lecuire. (Obiceiul rău se schimbă greu)"
"679","Neamurile și vecinii sunt dați de Dumnezeu, prietenii ți-i alegi singur. (despre responsabilitatea proprie la alegerea prietenilor)"
"680","Ne-avem bine, ca cățelul cu purcelul. (despre caracterul complementar al unei relații)"
"681","Ne-avem ca câinele cu pisica. (despre o relație antagonistă, dar relație)"
"682","Nebunia e soră cu prostia."
"683","Ne furăm căciula unul altuia. (Încercăm să ne păcălim unul pe altul)"
"684","Ne naștem goi, uzi și flămânzi. De abia după aceea lucrurile se înrăutățesc. (despre complexitățile vieții, declanșate prin naștere)"
"685","Negustorul fricos nu face câștig. (Afacerile bune au riscul lor)"
"686","Nemulțumitului i se ia darul. (despre onestitatea celui dăruit)"
"687","Nevasta bună e o comoară la casa omului. (despre relațiile dintre soți)"
"688","Nevoia e mama născocirilor. (despre invențiile determinate de necesitate)"
"689","Nevoia învață pe om. (idem ca mai sus)"
"690","Nici acum și nici aiurea. (Niciodată)"
"691","Nici cal nici măgar. (Un lucru nefăcut ca lumea)"
"692","Nici din ciocoi om de frunte, nici din salcie cerc de bute. (despre necesitatea unui fond de bază potrivit scopului și sănătos)"
"693","Nici din salcie pere, nici din răchită vișinele."
"694","Nici în căruță, nici teleguță. (proces nedecis clar)"
"695","Nici jăndarul nu-i de fer, să nu intre brișca-n el. (Ardeal: despre iminența posibilității succesului unei reacțiuni la nedreptăți)"
"696","Nici laie, nici bălaie. (O discuție fără concluzii)"
"697","Nici lelea cu bârnețe, nici badea cu altițe."
"698","Nici nu e frică de furnică, de Nechita nici atâta."
"699","Nici nu știi de unde sare iepurile. (despre posibilitatea unei întorsături favorabile)"
"700","Nici o fapta bună nu scapă nepedepsită!"
"701","Nici oaie între lupi, nici lup între oi (să nu fii). (despre ingratitudinea unui mediu nefavorabil, a unei situații extreme)"
"702","Nici pe dracu să-l vezi, nici cruce să-ți faci. (idem ca mai sus)"
"703","Nici toate ale doctorului, dar nici toate ale duhovnicului. (nici prea roz, dar nici prea negru) "
"704","Nici toate ale doctorului și nici toate ale popii. (Nu lua sfaturile așa cum le primești)"
"705","Nici turc, nici turleac la un fleac."
"706","Nici usturoi n-a mâncat, nici gura nu i-a mirosit. (nevinovat, nesuspectat)"
"707","Nimeni n-a moștenit pământul. (despre deșertăciunea așteptărilor și dorințelor omenești)"
"708","Nimeni nu face rău cuiva fără să creadă că e bine ceea ce face. (despre egoismul privind propria înțelepciune)"
"709","Nimeni nu-i profet în țara lui. (despre incertitudiea  propriilor previziuni în ceea ce  privește perspectiva fiecăruia)"
"710","Nimeni nu s-a-mbogățit pe muncă cinstită. (despre o inerentă necesară istețime negustorească)"
"711","Nimeni nu s-a născut înțelept, dar mulți au murit proști. (despre necesitatea de a învăța, neajungând inteligența nativă)"
"712","Nimeni nu s-a născut învătat."
"713","Nimeni nu-și dă osteneala să convingă, atunci când poate să poruncească. (despre tendința omului de a domina )"
"714","Nimic nu e nou sub soare. (adică lumea ar fi așa de la începuturi)"
"715","Noaptea e cel mai bun sfetnic. (despre idei bune survenie prin reflecție nocturnă)"
"716","Noapte bună găină că ți-e gușa plină."
"717","Noi suntem foarte buni, domeniul e prost ales ...(Secara)"
"718","Nor mare - ploaie mică. (despre așteptări, speranțe create dar neîmplinite )"
"719","Noroc noroc și cu nasu-n troc."
"720","Norocu-i și după cum și-l face omul. (Dar pe unii îi pocnește din senin);(adică nu ar fi totdeauna întâmplător)"
"721","Norocul e de partea celor curajoși."
"722","Norocul vine când nici cu gândul nu gândești. (deci e pură întâmplare)"
"723","Nu avem decât o viață - numai pisica are nouă."
"724","Nu bea apă din pumnul altuia că niciodată nu vei fi sătul. (despre încredere în forțele proprii)"
"725","Nu căra apă cu ciurul. (despre lucrul inteligent, făcut cu cap)"
"726","Nu căra apă la fântână."
"727","Nu cerceta aceste legi că ești nebun de le-nțelegi. (Eminescu?) (despre cât de complexă este lumea)"
"728","Nu cere ce nu ți se poate da."
"729","Nu da sfaturi, -  prostul nu le înțelege. Deșteptul e sătul de sfătuitori"
"730","Nu da vrabia din mână pe cioara de pe gard. (ce-i în mână, nu-i minciună)"
"731","Nu e locul ci e dobitocul."
"732","Nu e nici cal, nici măgar."
"733","Nu e pentru cine se pregătește/ E pentru cine se nimerește!"
"734","Nu ești beat atâta timp cât poți sta întins pe podea fară să te sprijini."
"735","Nu ești în toate mințile. (Ești nebun)"
"736","Nu există pădure fără uscături. (Printre oameni de treabă există și lichele)"
"737","Nu face pe prostul că așa rămâi. (Lumea te consideră după impresia pe care o lași)"
"738","Nu face purici mulți pe aici. (Are de gând să plece)"
"739","Nu-i ajungi cu prăjina la nas. (Cineva îngâmfat)"
"740","Nu-i chiar atât de negru dracul pe cât pare."
"741","Nu-i da Doamne omului cât poa-să ducă."
"742","Nu-i dǎ nici mǎcar piatrǎ sǎ-ți spargi capul."
"743","Nu-i frumos ce e frumos, e frumos ce-mi place mie."
"744","Nu îi da, Doamne, omului cât poate să ducă."
"745","Nu-i mai bagi mintea cu pâlnia."
"746","Nu învăța găina să facă ouă."
"747","Nu-i pentru cine se pregătește, ci pentru cine se nimerește."
"748","Nu lăsa pe mâine ce poți face azi."
"749","Nu face azi ce poți lăsa pe mâine. (Ironic)"
"750","Numai c-o lovitură copacul nu cade."
"751","Numai în pomul plin de roade aruncă oamenii cu piatra."
"752","Nu mai poate de bucurie."
"753","Nu mai umbla brambura."
"754","Nu mai umbla de colo-colo cu traista-n protap."
"755","Nu-mi mai trebuie, că m-am prăjit odată."
"756","Nu mor caii, când vor câinii."
"757","Nu numai să cunoști ceea ce se cuvine, ci să și urmezi după cum se cuvine."
"758","Nu orice gloabă a fost cal."
"759","Nu orice muscă face și miere."
"760","Nu persista în prostie."
"761","Nu poți să faci din rahat bici și sǎ mai și pocneascǎ."
"762","Nu pune cal de curse să tragă la plug."
"763","Nu ""pune mâna"", că ""te frigi"". (Dacă furi, te prinde)"
"764","Nu pune paie pe foc."
"765","Nu râde de necazul altuia."
"766","Nu rupe floarea, dacă vrei să vezi rodul ei."
"767","Nu se știe ca pământul, Din ce parte bate vântul. (De unde vine norocul)"
"768","Nu-și cunoaște lungul nasului. (E încrezut)."
"769","Nu spune ""hop"" până n-ai sărit."
"770","Nu spune oricând ceea ce știi, dar să știi totdeauna ce spui."
"771","Nu sta, că-ți stă norocul."
"772","Nu știe nimeni când îi bate ceasul."
"773","Nu știe stânga ce face dreapta. (Cineva neândemânatic)"
"774","Nu știi de unde sare iepurele."
"775","Nu știi pe ce lume trăiești. (Ești desprins de realitate)"
"776","Nu supăra mai mult pe cel în mânie căzut, că mai rău se înverșunează, ca focul când îl zgândări."
"777","Nu te băga in tărâțe că te mănâncă porcii."
"778","Nu te băga unde nu-ți fierbe oala. (Nu-ți da cu părerea la ce nu te pricepi)"
"779","Nu te grăbi că n-au intrat zilele-n sac."
"780","Nu te întinde mai mult decât îți este plapuma."
"781","Nu te juca cu focul! (Nu întreprinde lucruri periculoase)"
"782","Nu te juca cu un pistol, dacă...(?) are glonț în încărcător."
"783","Nu te lua la întrecere cu alții, ci cu tine însuți."
"784","Nu te pune la mintea nebunului."
"785","Nu te pune la mintea nebunului."
"786","Nu te pune la mintea nebunului, că te duci de râpă."
"787","Nu te râde că te-ajunge!"
"788","Nu te râde că te-ajunge."
"789","Nu-ți băga nasul in ciorba altuia."
"790","Nu-ți băga nasul unde nu-ti fierbe oala."
"791","Nu-ți bate joc de nenorocul altuia."
"792","Nu-ți bate singur cuie in talpă."
"793","Nu-ți da arama pe fată!"
"794","Nu-ți da în petic. (Nu face gafe.)"
"795","Nu-ți lua apă peste cap. (Ia atâta lucru cât poți duce la bun sfârșit)"
"796","Nu-ți lua apă peste cap. (Nu te angaja la ceva ce te depășește)"
"797","Nu-ți pune mintea la ce nu te pricepi."
"798","Nu toate ale doctorului si nici toate ale popii. (Nu lua sfaturile chiar așa cum ți se dau)"
"799","Nu tot ce lucește, e diamant."
"800","Nu tot ce zboară, se mănâncă."
"801","Nu toți ce te bagă în căcat îți vor răul, și nici toți cei ce te scot de-acolo îți vor binele."
"802","Nu umbla brambura. (Nu pierde vremea)"
"803","Nu umbla de colo-colo cu traista-n proțap."
"804","Nu vede pădurea de copaci."
"805","Nu vezi pădurea de copaci."
"806","Nu vinde castraveți la grădinar."
"807","O burtă plină nu poate învăța."
"808","O femeie care este urâtă ca muma pădurii."
"809","O femeie care e rea de muscă. (E curvă)"
"810","Obiceiul ușurează povara."
"811","Obraznicul mănâncă praznicul."
"812","Obrazul subtire cu cheltuială se tine."
"813","Obrăznicia o dai afară pe ușă și ea intră pe fereastră."
"814","Ochii care nu se văd, se uită."
"815","Ochii sunt oglinda sufletului."
"816","Ochii te sperie, mâinile te-ajută. (nu e așa mult de lucru cum pare)"
"817","Ochii văd, inima cere."
"818","Ochii văd, inima cere, mai rău e când n-ai putere."
"819","Ochiul stăpânului îngrașă vaca."
"820","O mână spală pe alta și amândouă obrazul."
"821","O mână spală pe alta și amândouă fața."
"822","O mie de vorbe, doi bani nu fac."
"823","Omul blând ca apa lină."
"824","Omul bogat e ca iepurele - sare unde vrea."
"825","Omul când n-are ce face se scarpină-n cap."
"826","Omul care-i prost / N-are nici un rost."
"827","Omul, cât îl lași atât se-ntinde."
"828","Omul cât trăiește învață."
"829","Omul caută leac unde simte că îl doare."
"830","Omul cu rude nu piere."
"831","Omul fără patrie e ca puiul fără mamă."
"832","Omul gospodar își face iarna car și vara sanie."
"833","Omul gospodar, face vara sanie și iarna car."
"834","Omul harnic, muncitor, de pâine nu duce dor."
"835","Omul hoț face vara sanie și iarna o pune pe foc."
"836","Omu-nvață cât trăiește și când moare tot prost este."
"837","Omul cât trăiește-nvață, și moare tot nătăfleață."
"838","Omul la mânie, cade-n nebunie."
"839","Omul în mânie, lesne se mângâie, dacă blând i se vorbește, ori răspunde-se mutește, ori lumea îl ocolește."
"840","Omul nu e niciodată mulțumit - de ce are mai mult, de aia vrea mai mult."
"841","Omul nu fuge de colac, / ci de ciomag."
"842","Omul poate povățui pe altul, dar pe sine niciodată."
"843","Omul rău e ca cărbunele, dacă nu te arde, te înnegrește."
"844","Omul sfințește locul."
"845","Omul de muncă-i lăsat, pasărea - pentru zburat. (fiecare cu rostul lui)"
"846","O persoană care este ""ușă de biserică"". (Cinstită, fără pată)"
"847","Oricând e loc de mai rău."
"848","Orice cal ajunge gloabă."
"849","Orice învăț iși are și dezvăț."
"850","Orice laudă ascunde o doză de minciună și de invidie."
"851","Orice lucru este bun la timpul său."
"852","Orice minune nu ține decât trei zile."
"853","Orice naș își are nașul. (Cine face rău va fi pedepsit)"
"854","Ori te poartă cum ți-e vorba, ori vorbește cum ți-e portul."
"855","Or la bal, or la spital."
"856","O vorbă rea rănește mai mult decât o sabie ascuțită."
"857","P...a bună - în bălării. (Femeia săracă e iubăreață)"
"858","Păcală însurat și femeia nebună. (despre ingrate situații când ești însurat)"
"859","Păcală s-a luat după vecinul și a dat de bucluc."
"860","Pădurea, dă coadă securei."
"861","Până când să se întâmple un lucru îți iese părul prin căciulă."
"862","Până copilul nu plânge, mama nu-i dă țâță. (cererea mobilizează oferta)"
"863","Până la Dumnezeu, te mănâncă sfinții! (E greu să-ți faci dreptate, să ți se facă dreptate)"
"864","Până nu faci foc nu iese fum. (Un zvon nu apare fără rost, fără o cauză)"
"865","Pân's-o dumiri Ion/ Ară plugul un pogon."
"866","Până să faci tu un lucru îți iese părul prin căciulă."
"867","Până și regii cei mari merg pe jos la closet."
"868","P..a nu știe carte. (Expresie urâtă, folosită de cei care aleargă după femei)"
"869","Parcă e picat din lună. (Cineva zăpăcit)"
"870","Parcă ți-a iesit o păsărică din gură. (Ai spus un lucru înțelept.)"
"871","Părinții au mâncat aguridă, și la copii li se strepezesc dinții. (Părinții fac greșeli, copiii trag ponoasele.)"
"872","Pasărea se prinde la grăunțe, iar omul cu vorbă dulce."
"873","Patru ochi văd mai bine decât doi."
"874","Pauzele lungi și dese, cheia marilor succese."
"875","Paza bună trece primejdia rea."
"876","Pe afară-i vopsit gardul, înăuntru - leopardul. Lume-lume nu e glume! Șapte muzici - trei.(Laudă mare ce aduce a reclamă)"
"877","Pe cel furios în mânie, lesne îl supui, când dulce vei grăi lui, când vei tăcea de tot sau când vei fugi dinaintea lui."
"878","Pe cine nu lași să moară, nu te lasă să trăiești."
"879","Pe dinafară e frumos, dar pe dinăuntru e găunos."
"880","Pentr-un boț de mămăligă, / râde prostu de se strică."
"881","Peștele de la cap se împute (dar se curăță de la coadă)."
"882","Peștele cel mare, îl mâncă pe cel mic."
"883","Pe toți să-i asculți, dar din mintea ta să nu ieși."
"884","Pe toți ascultă-i bine, și apoi  să faci ca tine."
"885","Pică,... ca nuca în perete."
"886","Pică pară mălăiață, în gura lui Nătăfleață."
"887","Pisica are nouă vieți."
"888","Pisica cu clopoței, nu prea prinde șoricei."
"889","Pisica cum o arunci, tot în picioare cade."
"890","Pisica de-i râzgâiată, nu prinde șoareci niciodată."
"891","Plete lungi și minte scurtă, judecata mai măruntă."
"892","Ploaia din mai, face mălai."
"893","Plusul surprinzător, poate fi'ngrijorător."
"894","Poale lungi și minte scurtă. Geaba le scurtară-n poale că nu au mintea mai lungă. (Păstorel Teodoreanu)"
"895","Poartă-te cum ți-e portul și vorbește cum ți-e vorba."
"896","Pofta vine mâncând."
"897","Politețea este cheia de aur care deschide toate ușile."
"898","Pomul se cunoaște după roade, omul după fapte."
"899","Porcul îl bați și el zice că-l scarpini."
"900","Porcul unde se cacă, acolo mănâncă."
"901","Povară mai grea decît spinarea ta să nu ridici, ca să nu te poticnești."
"902","Prea mulți bucătari strică supa."
"903","Prietenia e posibilă doar între oameni buni."
"904","Prietenul la bani se cunoaște."
"905","Prieteni noi mereu să-ți faci, dar pe cei vechi să nu-i lași."
"906","Prieteni să ai puțini, dar buni."
"907","Prieten, prieten (preten, preten), ... dar brânza-i pe bani."
"908","Prietenul adevărat la nevoie se cunoaște."
"909","Primăvara e bătaia peștelui."
"910","Primăvara nu vine c-o singură floare."
"911","Primiți-mă în casă până ce vă veți găsi dumneavoastră alta."
"912","Prinde orbul, scoate-i ochii. (Cineva care s-a ascuns și nu poate fi pedepsit)"
"913","Prin muncă și stăruință, vei ajunge la dorință."
"914","Printre flori cresc și buruieni."
"915","Printre grâu, mălura crește."
"916","Privighetoarea e o cioară înainte de a se mărita."
"917","Prost, prost, da-i al nost'."
"918","Prostia și mândria cresc pe aceași creangă."
"919","Prostu' dacă nu-i fudul, parcă nici nu-i prost destul."
"920","Ρrostul cere și deșteptul adună."
"921","Prostul face ce vede și ce aude crede."
"922","Prostul nu e prost destul, dacă nu e și fudul."
"923","Prostul nu le știe, dar le nimerește."
"924","Prostul se simte jignit înainte de-i vorbești."
"925","Pune mâna, și o să pună și Dumnezeu mila!"
"926","Pune punctul pe „i”. (Vorbește la obiect)"
"927","Pune țara la cale. (A vorbi politică)"
"928","Racul nu-și schimbă mersul."
"929","Rădăcina e amară dar roadele dulci."
"930","Râd curcile de tine."
"931","Râde ciob de oală spartă."
"932","Râde ciocanul de nicovală."
"933","Râde dracul de cătel, dar nu se vede pe el."
"934","Râde prostul de deștept, dar nici el nu-i mai deștept."
"935","Râde, râde dar surâde."
"936","Rana se vindecă, dar semnul rămâne."
"937","Rana veche ușor sângerează."
"938","Râsul e frate cu plânsul."
"939","Rău cu rău, dar mai rău e fără rău."
"940","Răul se face mai lesne decât binele."
"941","Râu faci, rău găsești."
"942","Răzbunarea e arma prostului."
"943","Recunoștința e o floare care crește pe mormânt."
"944","Rușinosul roade osul.  //?? <- Mincinosul roade osul"
"945","S-a dus de-a berbeleacul. (A căzut rostogolindu-se)"
"946","S-a dus la mama dracului. (Despre ceva care s-a pierdut)"
"947","S-a dus pe apa Sâmbetei."
"948","S-a făcut o apă și-un pământ. (A dispărut)"
"949","S-a înfoiat ca varza / Și îngâmfat ca barza."
"950","S-a învățat dezbrăcat / Și i-e rușine îmbrăcat."
"951","Salutul între doi dușmani este primul semn al împăcării."
"952","Salvarea celor învinși e să nu mai spere nimic."
"953","Salvarea celor învinși e să nu mai spere nimic."
"954","Să mai fie și un lup mâncat de oaie. (Un lucru de excepție)"
"955","Să ai ""cei șapte ani de acasă"". (Educatia copiilor o fac părinții înainte de a începe școala)"
"956","Să dai cum te lasă inima."
"957","Să faci ce zice popa, nu ce face popa."
"958","Să fii cu ochii în patru. (Să fii atent la ce se petrece în jurul tău, pentru a te apăra.)"
"959","Să fii ""domn"" e o-ntâmplare, să fii ""om"" e lucru mare."
"960","Să fii om de omenie!"
"961","Să iei castanele din foc cu mâna altuia."
"962","Să vezi și să nu crezi. (Un eveniment extraordinar)"
"963","Să-i faci observație prostului e ca și când ai trage un câine de urechi."
"964","Să-i fie țărâna ușoară. (Se spune la mort)"
"965","Să împaci capra cu varza."
"966","Să n-ajungi slugă la dârloagă. (Omul care ""s-a ajuns"" e rău de stăpân)"
"967","Sângele apă nu se face. (O persoană care iubește, favorizează sau apară pe cei din familia, neamul sau etnia sa.)"
"968","Să nu faci coarne la mâncare. (Nu fii pretențios)"
"969","Să nu faci lucru de mântuială."
"970","Să nu fie samarul mai mare decât măgarul."
"971","Să nu fii a cincea roată la căruță."
"972","Să nu fii niciodată a cincea roată la cărută."
"973","Să nu fii vaca pe care o mulg alții."
"974","Să nu intri slugă la dârloagă (Cel care este însuși slugă își asuprește sluga)"
"975","Să nu mângâi pisica de la coadă la cap."
"976","Să nu muști mâna care-ți dă de mâncare."
"977","Să nu pierzi vremea."
"978","Să nu pui cal de curse să tragă la plug."
"979","Să nu știe stânga ce face dreapta. (Taină mare)"
"980","Să nu te bagi slugă la dârloagă. (Un om sărac ce ""s-a ajuns"" e rău ca stăpân)"
"981","Să nu-ți crezi ochilor."
"982","Să nu-ti pleci urechea la tot ce spune lumea."
"983","Să nu umbli cu cioara vopsită. (Să nu păcălești)"
"984","Să nu umbli cu zaruri măsluite. (Să fii cinstit)"
"985","Să nu umbli haihui. (Fără rost)"
"986","Să nu vinzi castraveți la grădinar."
"987","Să nu vinzi pielea ursului din pădure."
"988","Sărac cu duhul."
"989","Sărac de-i suflă vântul prin buzunare."
"990","Sărac, dar curat."
"991","Sărac - lipit pământului."
"992","Sărbătorile învrednicesc putorile."
"993","Să scoti castanele din foc cu mâna altuia."
"994","S-a sculat cu dosu-n sus."
"995","S-a sculat cu noaptea-n cap."
"996","S-a sculat odată cu găinile."
"997","Să se ducă învârtindu-se. (Când dorești să scapi de cineva foarte repede.)"
"998","Să te ferească Dumnezeu de omul prost și de femeia beată."
"999","Să-ți pleznească obrazul de rușine."
"1000","Să-ți ții vorba-n gură. (Să nu vorbești când nu trebuie)"
"1001","Să vă dea Dumnezeu sănătate și casă de piatră. (Se spune la nuntă)"
"1002","Să vă dea Dumnezeu sănătate și casă de piatră. (Urare. Se spune la căsătorie, la nuntă)"
"1003","Să vezi si să nu crezi!"
"1004","Se dă cu capul de ceasul morții. (Îl frământă o chestiune arzătoare)"
"1005","Se grăbește ca fata mare la măritat."
"1006","Se linge pe buze de poftă."
"1007","Se mișcă ca ochii mortului. (E puturos)"
"1008","Se prinde cartea de el ca părul pe broască."
"1009","Se simte cu musca pe căciulă. (Se simte vinovat)"
"1010","Se ține bățos. (De neînduplecat)"
"1011","Se ține de om ca păduchele de câine."
"1012","Se ține scai de capul omului."
"1013","Seamănă ca două picături de apă."
"1014","Soacră-soacră poamă acră, de te-ai coace cât t-ai coace, dulce tot nu t-ei mai face."
"1015","Socoteala de acasă nu se potrivește cu cea din târg."
"1016","Soare cu dinți."
"1017","Speranța moare ultima."
"1018","Spune-mi cu cine te însoțești, ca să îți spun cine ești."
"1019","Stai tot timpul cu frica-n sân."
"1020","Strâmbii îi mănâncă pe ăi drepți."
"1021","Strâmbii mănâncă țara, că drepții nu mai apucă."
"1022","Strânge bani albi pentru zile negre."
"1023","Strici orzul pe gâște."
"1024","Strop cu strop se face marea."
"1025","Supăratului i se taie nasul."
"1026","Surdul nu le aude, dar le potrivește."
"1027","Șantierul ""cucu"". Nu iei bani, dar ai de lucru. (muncă rău plătită)"
"1028","Și-a găsit dracu căpacu."
"1029","Și-a pus picioarele pe spinare. (S-a dus învârtindu-se)"
"1030","Și-așa-i bine, și-așa-i rău. (Pe deoparte e bine, pe de altă parte e rău)"
"1031","Și cu buzele unse si cu slănina in pod. (dorinți nemăsurate)"
"1032","Și cu-o floare, și cu zece, primăvara tot se trece. (nu cantitatea face calitatea)"
"1033","Și cu oile toate și cu lupii prieteni nu se poate. (câștigu are limite naturale)"
"1034","Și deșteaptă și frumoasă și devreme acasă. (despre dorinți nemăsurate)"
"1035","Și lupul de foame iese din pădure afară. (la nevoie se întâmplă multe lucruri necrezute)"
"1036","Tace si le face."
"1037","Taie frunză la câini."
"1038","Te-ai dus bou și te-ai întors vacă. (Nu ai învățat/priceput nimic.)"
"1039","Te-ai făcut de cacao. (De rușine)"
"1040","Te-a prins cu mâța-n traistă. (Ai mințit)"
"1041","Te-a prins cu ocaua mică. (Ești necinstit)"
"1042","Te ard de nu te vezi. (Amenințare cu o pedeapsă gravă)"
"1043","Te bagi în toate ca măraru-n bucate."
"1044","Te faci de garagață / de băcănie / de bășcălie / de panaramă / dă râsul lumii."
"1045","Te grăbești ca mireasa."
"1046","Te roade sărăcia precum rugina fierul."
"1047","Te scumpești la tărâțe și te ieftinești la făină."
"1048","Timpul vindecă orice rană. (E cel mai bun doctor)"
"1049","Toamna se alege pleava de grâu."
"1050","Toamna se numără bobocii."
"1051","Toate la vremea lor."
"1052","Toate loviturile rănesc, ultima omoară."
"1053","Tot pățitu-i priceput."
"1054","Tot tiganu' isi laudă ciocanu'."
"1055","Trag feciorii la frumoase ca muștele la ... dulceață. (eufemism)"
"1056","Trai neneaco, pă/cu banii babachii. (Cu banii lu' babacu)"
"1057","Trai pe vătrai. (Cineva care o duce bine fără să muncească)"
"1058","Trei lucruri nu lasă în pace pe om: vinul, femeia și banul."
"1059","Tu le faci, tu să le tragi."
"1060","Tu-mi spui mie că rața-npunge, când ea măcăie și fuge?"
"1061","Țânțarul nu te lasă să te odihnești, dar nici nu te lasă să muncești. (despre mici neajunsuri cu bătaie lungă)"
"1062","Țara arde și baba se piaptănă. (despre indolenți în situații generale grele)"
"1063","Țigările sunt cuie de coșciug."
"1064","Ține-te în pielea ta, ca să nu dai de belea. (despre riscul unei comportări inoportune)"
"1065","Ține-ți limba-n gură ca să ai friptură. (avertizare la vorbe negândite)"
"1066","Toți leneșii obișnuiesc să-și facă planuri mari."
"1067","Uitarea îndepărtează, amintirile apropie."
"1068","Uită de la mână pân-la gură."
"1069","Ulciorul nu merge de multe ori la apă."
"1070","Umblă cu brișca (cuțitul) la carâmbul cizmei. (E prevăzător sau periculos)"
"1071","Un bărbat adevărat are argint la tâmple, aur în pungă și oțel unde trebuie."
"1072","Una dreaptă și zece strâmbe."
"1073","Una gândește cârciumarul, și alta bețivul."
"1074","Un arbore nu face pădure."
"1075","Una vorbim, bașca ne-nțelegem."
"1076","Un bogat când moare, săracul fluieră."
"1077","Un bordei să ai, dar să fie al tău."
"1078","Unde a dus surdul roata și mutul iapa."
"1079","Unde a fost, are să mai fie. (istoria se repetă, istoria n-are sfârșit )"
"1080","Unde a mers mia, merge și suta! (Alternativa expresiei anterioare)"
"1081","Unde dai și unde crapă. (O acțiune cu efect neașteptat)"
"1082","Unde e minte multă e și nebunie multă."
"1083","Unde e sărăcie e și ceartă."
"1084","Unde e una, se strâng mai multe."
"1085","Unde e vorba multă, acolo treaba e scurtă."
"1086","Unde-i banul, acolo-i și mintea."
"1087","Unde-i lege, nu-i tocmeală."
"1088","Unde-i minte-i și prostie."
"1089","Unde nu faci foc, nu iese fum."
"1090","Unde nu-i cap e vai de picioare."
"1091","Unde nu-i, nici Dumnezeu nu cere."
"1092","Unde nu merge suta, merge mia."
"1093","Unde pune omul mâna, pune Dumnezeu mila."
"1094","Unde sare și unde te lovește."
"1095","Unde-s doi puterea crește. (Dacă amândoi trag în aceeași parte)"
"1096","Unde sunt doi soldați, unul ia comanda."
"1097","Unde sunt popi mulți, moare pruncul nebotezat."
"1098","Unde-ți umblă mintea! (Consideri că cineva are idei ieșite din comun)"
"1099","Unde umblă câinii cu covrigi în coadă."
"1100","Unii au cap ca să nu le plouă în gât."
"1101","Un lup în piele de oaie."
"1102","Un munte s-a scremut, și un șoarece s-a născut."
"1103","Un om prost are cap zevzec."
"1104","Un prieten nu se pierde."
"1105","Un tăntălău mai mare nici că se poate."
"1106","Unul care a ajuns cineva. (A căpătat renume)"
"1107","Unul care-i fripturist. (Profită de ocazie nu tocmai cinstit)"
"1108","Unul care trage spuză pe turta lui. (Care își asumă meritele altora)"
"1109","Vânzătorul care trage la cântar."
"1110","* Varianta: Țara arde și nebunul își pârlește ciomagul."
"1111","Vezi că-i albă și zici că-i neagră. (Încerci să ascunzi adevărul)"
"1112","Vezi paiul din ochiul altuia, dar nu bârna din ochiul tău."
"1113","Viața leneșului e grea și mai mult înveți din ea."
"1114","Viața-i viață legată cu ață: s-a rupt ața, s-a dus viața!"
"1115","Vinde făina cu ocaua mică. (despre cântar necinstit)"
"1116","Vine iarna, n-am palton/ Nu-i nimica, am baston."
"1117","Vinul dezleagă limbile. (Romanii spuneau: In vino veritas.)"
"1118","Vorba de rău se duce ca glonțul, iar cea de bine abia se aude."
"1119","Vorba dulce e ca sarea în bucate."
"1120","Vorba dulce mult aduce."
"1121","Vorba e ca acul: poate să coasă, dar poate să și înțepe."
"1122","Vorba e făcută ca să ascundă gândurile."
"1123","Vorba-i de argint, tăcerea-i de aur."
"1124","Vorba multă - sărăcia omului."
"1125","Vorbele trec, faptele rămân."
"1126","Vorbe spuse la mânie sunt ca cele-n bucurie. (la extrem rezonabilul lipsește)"
"1127","Vorbești de lup și lupu-i la ușă."
"1128","Vrabia mălai visează. (Un scop greu de atins)"
"1129","Vrea să facă din rahat bici. (Lucru imposibil)"
"1130","Vrea să fie și grâul scump și făina ieftină."
"1131","Vulturul nu prinde muște."
"1132","Zece înțelepți nu pot să descurce ceea ce un nebun a încurcat."
"1133","Zece luni nu fac cât un soare."
"1134","Zgârcit de-și mănâncă de sub unghie."
"1135","Zgârcitul e totdeauna sărac."
"1136","Zidul alb e hârtia nebunilor."
"1137","Ziua bună multă vreme nu ține."
"1138","Ziua bună, dimineața se cunoaște."
"1139","Ziua bună se laudă seara."
"1140","Ziua caută-ți de lucru iar noaptea de somn."
"1141","Ziua frumoasă de dimineață se cunoaște."
"1142","Ziua fuge de bivoli și noaptea le dă cu coarnele."
"1143","Ziua multe descoperă."
"1144","Proverbe"
"1145","Nu sunteți autentificat"
"1146","Discuții"
"1147","Contribuții"
"1148","Creare cont"
"1149","Autentificare"
"1150","Pagină"
"1151","Discuție"
"1152","Lectură"
"1153","Sursă pagină"
"1154","Istoric"
"1155","Pagina principală"
"1156","Portaluri tematice"
"1157","Discută la cafenea"
"1158","Pagină aleatorie"
"1159","Schimbări recente"
"1160","Portalul comunității"
"1161","Ajutor"
"1162","IRC"
"1163","Donații"
"1164","Creare carte"
"1165","Descarcă PDF"
"1166","Versiune de tipărit"
"1167","Wikipedia"
"1168","Ce trimite aici"
"1169","Modificări corelate"
"1170","Încărcare fișier"
"1171","Pagini speciale"
"1172","Legătură permanentă"
"1173","Informații despre pagină"
"1174","Element Wikidata"
"1175","Citează această pagină"
"1176","Azərbaycanca"
"1177","Български"
"1178","Bosanski"
"1179","Čeština"
"1180","Deutsch"
"1181","Ελληνικά"
"1182","English"
"1183","Español"
"1184","فارسی"
"1185","עברית"
"1186","Hrvatski"
"1187","Հայերեն"
"1188","Bahasa Indonesia"
"1189","Italiano"
"1190","日本語"
"1191","Lietuvių"
"1192","Polski"
"1193","Português"
"1194","Slovenčina"
"1195","Slovenščina"
"1196","Српски / srpski"
"1197","Svenska"
"1198","Türkçe"
"1199"," Ultima editare a paginii a fost efectuată la 2 noiembrie 2017, ora 16:16."
"1200","Acest text este disponibil sub licența Creative Commons cu atribuire și distribuire în condiții identice;
pot exista și clauze suplimentare.
Vedeți detalii la Termenii de utilizare."
"1201","Politica de confidențialitate"
"1202","Despre Wikicitat"
"1203","Termeni"
"1204","Dezvoltatori"
"1205","Cookie statement"
"1206","Versiune mobilă"
"1207","
											"
"1208","
											"
